cvb3_site,cvb3_prot,cvb3_pos,cvb3_aa,eva71_prot,eva71_pos,eva71_aa
1,VP4,1,M,NA,NA,NA
2,VP4,2,G,VP4,12,S
3,VP4,3,A,VP4,13,H
4,VP4,4,Q,VP4,14,E
5,VP4,5,V,VP4,15,N
6,VP4,6,S,VP4,16,S
7,VP4,7,T,VP4,17,N
8,VP4,8,Q,VP4,18,S
9,VP4,9,K,VP4,19,A
10,VP4,10,T,VP4,20,T
11,VP4,11,G,VP4,21,E
12,VP4,12,A,NA,NA,NA
13,VP4,13,H,NA,NA,NA
14,VP4,14,E,NA,NA,NA
15,VP4,15,T,NA,NA,NA
16,VP4,16,R,NA,NA,NA
17,VP4,17,L,NA,NA,NA
18,VP4,18,N,NA,NA,NA
19,VP4,19,A,NA,NA,NA
20,VP4,20,S,NA,NA,NA
21,VP4,21,G,NA,NA,NA
22,VP4,22,N,NA,NA,NA
23,VP4,23,S,NA,NA,NA
24,VP4,24,I,NA,NA,NA
25,VP4,25,I,VP4,22,G
26,VP4,26,H,VP4,23,S
27,VP4,27,Y,VP4,24,T
28,VP4,28,T,VP4,25,I
29,VP4,29,N,VP4,26,N
30,VP4,30,I,VP4,27,Y
31,VP4,31,N,VP4,28,T
32,VP4,32,Y,VP4,32,Y
33,VP4,33,Y,VP4,33,Y
34,VP4,34,K,VP4,34,K
35,VP4,35,D,VP4,35,D
36,VP4,36,A,VP4,36,S
37,VP4,37,A,VP4,37,Y
38,VP4,38,S,VP4,38,A
39,VP4,39,N,VP4,39,A
40,VP4,40,S,VP4,40,T
41,VP4,41,A,VP4,41,A
42,VP4,42,N,VP4,42,G
43,VP4,43,R,VP4,43,K
44,VP4,44,Q,VP4,44,Q
45,VP4,45,D,VP4,45,S
46,VP4,46,F,VP4,46,L
47,VP4,47,T,VP4,47,K
48,VP4,48,Q,VP4,48,Q
49,VP4,49,D,VP4,49,D
50,VP4,50,P,VP4,50,P
51,VP4,51,G,VP4,51,D
52,VP4,52,K,VP4,52,K
53,VP4,53,F,VP4,53,F
54,VP4,54,T,VP4,54,A
55,VP4,55,E,VP4,55,N
56,VP4,56,P,VP4,56,P
57,VP4,57,V,VP4,57,V
58,VP4,58,K,VP4,58,K
59,VP4,59,D,VP4,59,D
60,VP4,60,I,VP4,60,I
61,VP4,61,M,VP4,61,F
62,VP4,62,I,VP4,62,T
63,VP4,63,K,VP4,63,E
64,VP4,64,S,VP4,64,M
65,VP4,65,L,VP4,65,A
66,VP4,66,P,VP4,66,A
67,VP4,67,A,VP4,67,P
68,VP4,68,L,VP4,68,L
69,VP4,69,N,VP4,69,K
70,VP2,1,S,NA,NA,NA
71,VP2,2,P,NA,NA,NA
72,VP2,3,T,NA,NA,NA
73,VP2,4,V,NA,NA,NA
74,VP2,5,E,NA,NA,NA
75,VP2,6,E,NA,NA,NA
76,VP2,7,C,NA,NA,NA
77,VP2,8,G,NA,NA,-
78,VP2,9,Y,NA,NA,-
79,VP2,10,S,VP2,10,S
80,VP2,11,D,VP2,11,D
81,VP2,12,R,VP2,12,R
82,VP2,13,A,VP2,13,V
83,VP2,14,R,VP2,14,A
84,VP2,15,S,VP2,15,Q
85,VP2,16,I,VP2,16,L
86,VP2,17,T,VP2,17,T
87,VP2,18,L,VP2,18,I
88,VP2,19,G,VP2,19,G
89,VP2,20,N,VP2,20,N
90,VP2,21,S,VP2,21,S
91,VP2,22,T,VP2,22,T
92,VP2,23,I,VP2,23,I
93,VP2,24,T,VP2,24,T
94,VP2,25,T,VP2,25,T
95,VP2,26,Q,VP2,26,Q
96,VP2,27,E,VP2,27,E
97,VP2,28,C,VP2,28,A
98,VP2,29,A,VP2,29,A
99,VP2,30,N,VP2,30,N
100,VP2,31,V,VP2,31,I
101,VP2,32,V,VP2,32,I
102,VP2,33,V,VP2,33,V
103,VP2,34,G,VP2,34,G
104,VP2,35,Y,VP2,35,Y
105,VP2,36,G,VP2,36,G
106,VP2,37,V,VP2,37,E
107,VP2,38,W,VP2,38,W
108,VP2,39,P,VP2,39,P
109,VP2,40,D,VP2,40,S
110,VP2,41,Y,VP2,41,Y
111,VP2,42,L,VP2,42,C
112,VP2,43,K,VP2,43,S
113,VP2,44,D,VP2,44,D
114,VP2,45,S,VP2,45,S
115,VP2,46,E,VP2,46,D
116,VP2,47,A,VP2,47,A
117,VP2,48,T,VP2,48,T
118,VP2,49,A,VP2,49,A
119,VP2,50,E,VP2,50,V
120,VP2,51,D,VP2,51,D
121,VP2,52,Q,VP2,52,K
122,VP2,53,P,VP2,53,P
123,VP2,54,T,VP2,54,T
124,VP2,55,Q,VP2,55,R
125,VP2,56,P,VP2,56,P
126,VP2,57,D,VP2,57,D
127,VP2,58,V,VP2,58,V
128,VP2,59,A,VP2,59,S
129,VP2,60,T,VP2,60,V
130,VP2,61,C,VP2,61,N
131,VP2,62,R,VP2,62,R
132,VP2,63,F,VP2,63,F
133,VP2,64,Y,VP2,64,Y
134,VP2,65,T,VP2,65,T
135,VP2,66,L,VP2,66,L
136,VP2,67,D,VP2,67,D
137,VP2,68,S,VP2,68,T
138,VP2,69,V,VP2,69,K
139,VP2,70,Q,VP2,70,L
140,VP2,71,W,VP2,71,W
141,VP2,72,Q,VP2,72,E
142,VP2,73,K,VP2,73,K
143,VP2,74,T,VP2,74,S
144,VP2,75,S,VP2,75,S
145,VP2,76,P,VP2,76,K
146,VP2,77,G,VP2,77,G
147,VP2,78,W,VP2,78,W
148,VP2,79,W,VP2,79,Y
149,VP2,80,W,VP2,80,W
150,VP2,81,K,VP2,81,K
151,VP2,82,L,VP2,82,F
152,VP2,83,P,VP2,83,P
153,VP2,84,D,VP2,84,D
154,VP2,85,A,VP2,85,V
155,VP2,86,L,VP2,86,L
156,VP2,87,S,VP2,87,T
157,VP2,88,N,VP2,88,E
158,VP2,89,L,VP2,89,T
159,VP2,90,G,VP2,90,G
160,VP2,91,L,VP2,91,V
161,VP2,92,F,VP2,92,F
162,VP2,93,G,VP2,93,G
163,VP2,94,Q,VP2,94,Q
164,VP2,95,N,VP2,95,N
165,VP2,96,M,VP2,96,A
166,VP2,97,Q,VP2,97,Q
167,VP2,98,Y,VP2,98,F
168,VP2,99,H,VP2,99,H
169,VP2,100,Y,VP2,100,Y
170,VP2,101,L,VP2,101,L
171,VP2,102,G,VP2,102,Y
172,VP2,103,R,VP2,103,R
173,VP2,104,T,VP2,104,S
174,VP2,105,G,VP2,105,G
175,VP2,106,Y,VP2,106,F
176,VP2,107,T,VP2,107,C
177,VP2,108,V,VP2,108,I
178,VP2,109,H,VP2,109,H
179,VP2,110,V,VP2,110,V
180,VP2,111,Q,VP2,111,Q
181,VP2,112,C,VP2,112,C
182,VP2,113,N,VP2,113,N
183,VP2,114,A,VP2,114,A
184,VP2,115,S,VP2,115,S
185,VP2,116,K,VP2,116,K
186,VP2,117,F,VP2,117,F
187,VP2,118,H,VP2,118,H
188,VP2,119,Q,VP2,119,Q
189,VP2,120,G,VP2,120,G
190,VP2,121,C,VP2,121,A
191,VP2,122,L,VP2,122,L
192,VP2,123,L,VP2,123,L
193,VP2,124,V,VP2,124,V
194,VP2,125,V,VP2,125,A
195,VP2,126,C,VP2,126,V
196,VP2,127,V,VP2,127,L
197,VP2,128,P,VP2,128,P
198,VP2,129,E,VP2,129,E
199,VP2,130,A,VP2,130,Y
200,VP2,131,E,VP2,131,V
201,VP2,132,M,VP2,132,I
202,VP2,133,G,VP2,133,G
203,VP2,134,C,NA,NA,S
204,VP2,135,A,VP2,135,V
205,VP2,136,T,VP2,136,A
206,VP2,137,L,VP2,137,G
207,VP2,138,D,VP2,138,G
208,VP2,139,N,VP2,139,T
209,VP2,140,T,VP2,140,G
210,VP2,141,P,VP2,141,T
211,VP2,142,S,VP2,142,E
212,VP2,143,S,VP2,143,D
213,VP2,144,A,NA,NA,T
214,VP2,145,E,VP2,145,H
215,VP2,146,L,VP2,146,P
216,VP2,147,L,VP2,147,P
217,VP2,148,G,VP2,148,Y
218,VP2,149,G,VP2,149,K
219,VP2,150,D,VP2,150,Q
220,VP2,151,S,VP2,151,T
221,VP2,152,A,VP2,152,Q
222,VP2,153,K,VP2,153,P
223,VP2,154,E,VP2,154,G
224,VP2,155,F,VP2,155,A
225,VP2,156,A,VP2,156,D
226,VP2,157,D,VP2,157,G
227,VP2,158,K,VP2,158,F
228,VP2,159,P,VP2,159,E
229,VP2,160,V,VP2,160,L
230,VP2,161,A,VP2,161,Q
231,VP2,162,S,NA,NA,-
232,VP2,163,G,NA,NA,-
233,VP2,164,S,NA,NA,-
234,VP2,165,N,NA,NA,-
235,VP2,166,K,NA,NA,-
236,VP2,167,L,NA,NA,-
237,VP2,168,V,NA,NA,-
238,VP2,169,Q,NA,NA,-
239,VP2,170,R,NA,NA,-
240,VP2,171,V,VP2,162,H
241,VP2,172,V,VP2,163,P
242,VP2,173,Y,VP2,164,Y
243,VP2,174,N,VP2,165,V
244,VP2,175,A,VP2,166,L
245,VP2,176,G,VP2,167,D
246,VP2,177,M,VP2,168,A
247,VP2,178,G,VP2,169,G
248,VP2,179,V,VP2,170,I
249,VP2,180,G,VP2,171,P
250,VP2,181,V,VP2,172,I
251,VP2,182,G,VP2,173,S
252,VP2,183,N,VP2,174,Q
253,VP2,184,L,VP2,175,L
254,VP2,185,T,VP2,176,T
255,VP2,186,I,VP2,177,V
256,VP2,187,F,VP2,178,C
257,VP2,188,P,VP2,179,P
258,VP2,189,H,VP2,180,H
259,VP2,190,Q,VP2,181,Q
260,VP2,191,W,VP2,182,W
261,VP2,192,I,VP2,183,I
262,VP2,193,N,VP2,184,N
263,VP2,194,L,VP2,185,L
264,VP2,195,R,VP2,186,R
265,VP2,196,T,VP2,187,T
266,VP2,197,N,VP2,188,N
267,VP2,198,N,VP2,189,N
268,VP2,199,S,VP2,190,C
269,VP2,200,A,VP2,191,A
270,VP2,201,T,VP2,192,T
271,VP2,202,I,VP2,193,I
272,VP2,203,V,VP2,194,I
273,VP2,204,M,VP2,195,V
274,VP2,205,P,VP2,196,P
275,VP2,206,Y,VP2,197,Y
276,VP2,207,T,VP2,198,I
277,VP2,208,N,VP2,199,N
278,VP2,209,S,VP2,200,A
279,VP2,210,V,VP2,201,L
280,VP2,211,P,VP2,202,P
281,VP2,212,M,VP2,203,F
282,VP2,213,D,VP2,204,D
283,VP2,214,N,VP2,205,S
284,VP2,215,M,VP2,206,A
285,VP2,216,F,VP2,207,L
286,VP2,217,R,VP2,208,N
287,VP2,218,H,VP2,209,H
288,VP2,219,N,VP2,210,C
289,VP2,220,N,VP2,211,N
290,VP2,221,V,VP2,212,F
291,VP2,222,T,VP2,213,G
292,VP2,223,L,VP2,214,L
293,VP2,224,M,VP2,215,L
294,VP2,225,V,VP2,216,V
295,VP2,226,I,VP2,217,V
296,VP2,227,P,VP2,218,P
297,VP2,228,F,VP2,219,I
298,VP2,229,V,VP2,220,S
299,VP2,230,P,VP2,221,P
300,VP2,231,L,VP2,222,L
301,VP2,232,D,VP2,223,D
302,VP2,233,Y,VP2,224,Y
303,VP2,234,C,VP2,225,D
304,VP2,235,P,VP2,226,Q
305,VP2,236,G,VP2,227,G
306,VP2,237,S,VP2,228,A
307,VP2,238,T,VP2,229,T
308,VP2,239,T,VP2,230,P
309,VP2,240,Y,VP2,231,V
310,VP2,241,V,VP2,232,I
311,VP2,242,P,VP2,233,P
312,VP2,243,I,VP2,234,I
313,VP2,244,T,VP2,235,T
314,VP2,245,V,VP2,236,I
315,VP2,246,T,VP2,237,T
316,VP2,247,I,VP2,238,L
317,VP2,248,A,VP2,239,A
318,VP2,249,P,VP2,240,P
319,VP2,250,M,VP2,241,M
320,VP2,251,C,VP2,242,C
321,VP2,252,A,VP2,243,S
322,VP2,253,E,VP2,244,E
323,VP2,254,Y,VP2,245,F
324,VP2,255,N,VP2,246,A
325,VP2,256,G,VP2,247,G
326,VP2,257,L,VP2,248,L
327,VP2,258,R,VP2,249,R
328,VP2,259,L,VP2,250,Q
329,VP2,260,A,VP2,251,A
330,VP2,261,G,VP2,252,V
331,VP2,262,H,VP2,253,T
332,VP2,263,Q,VP2,254,Q
333,VP3,1,G,VP3,1,G
334,VP3,2,L,VP3,2,F
335,VP3,3,P,VP3,3,P
336,VP3,4,T,VP3,4,T
337,VP3,5,M,VP3,5,E
338,VP3,6,N,VP3,6,L
339,VP3,7,T,VP3,7,K
340,VP3,8,P,VP3,8,P
341,VP3,9,G,VP3,9,G
342,VP3,10,S,VP3,10,T
343,VP3,11,C,VP3,11,N
344,VP3,12,Q,VP3,12,Q
345,VP3,13,F,VP3,13,F
346,VP3,14,L,VP3,14,L
347,VP3,15,T,VP3,15,T
348,VP3,16,S,VP3,16,T
349,VP3,17,D,VP3,17,D
350,VP3,18,D,VP3,18,D
351,VP3,19,F,VP3,19,G
352,VP3,20,Q,VP3,20,V
353,VP3,21,S,VP3,21,S
354,VP3,22,P,VP3,22,A
355,VP3,23,S,VP3,23,P
356,VP3,24,A,VP3,24,I
357,VP3,25,M,VP3,25,L
358,VP3,26,P,VP3,26,P
359,VP3,27,Q,VP3,27,N
360,VP3,28,Y,VP3,28,F
361,VP3,29,D,VP3,29,H
362,VP3,30,V,VP3,30,P
363,VP3,31,T,VP3,31,T
364,VP3,32,P,VP3,32,P
365,VP3,33,E,VP3,33,C
366,VP3,34,M,VP3,34,I
367,VP3,35,R,VP3,35,H
368,VP3,36,I,VP3,36,I
369,VP3,37,P,VP3,37,P
370,VP3,38,G,VP3,38,G
371,VP3,39,E,VP3,39,E
372,VP3,40,V,VP3,40,V
373,VP3,41,K,VP3,41,R
374,VP3,42,N,VP3,42,N
375,VP3,43,L,VP3,43,L
376,VP3,44,M,VP3,44,L
377,VP3,45,E,VP3,45,E
378,VP3,46,I,VP3,46,L
379,VP3,47,A,VP3,47,C
380,VP3,48,E,VP3,48,Q
381,VP3,49,V,VP3,49,V
382,VP3,50,D,VP3,50,E
383,VP3,51,S,VP3,51,T
384,VP3,52,V,VP3,52,I
385,VP3,53,V,VP3,53,L
386,VP3,54,P,VP3,54,E
387,VP3,55,V,VP3,55,V
388,VP3,56,Q,VP3,56,N
389,VP3,57,N,VP3,57,N
390,VP3,58,V,VP3,58,V
391,VP3,59,G,VP3,59,P
392,VP3,60,E,VP3,60,T
393,VP3,61,K,VP3,61,N
394,VP3,62,V,VP3,62,A
395,VP3,63,N,VP3,63,T
396,VP3,64,S,VP3,64,S
397,VP3,65,M,VP3,66,M
398,VP3,66,E,VP3,67,E
399,VP3,67,A,VP3,68,R
400,VP3,68,Y,VP3,69,L
401,VP3,69,Q,VP3,70,R
402,VP3,70,I,VP3,71,F
403,VP3,71,P,VP3,72,P
404,VP3,72,V,VP3,73,V
405,VP3,73,R,VP3,74,S
406,VP3,74,S,VP3,75,A
407,VP3,75,N,VP3,76,Q
408,VP3,76,E,VP3,77,A
409,VP3,77,G,VP3,78,G
410,VP3,78,S,VP3,79,K
411,VP3,79,G,VP3,80,G
412,VP3,80,T,VP3,81,E
413,VP3,81,Q,VP3,82,L
414,VP3,82,V,VP3,83,C
415,VP3,83,F,VP3,84,A
416,VP3,84,G,VP3,85,V
417,VP3,85,F,VP3,86,F
418,VP3,86,P,VP3,87,R
419,VP3,87,L,VP3,88,A
420,VP3,88,Q,VP3,89,D
421,VP3,89,P,VP3,90,P
422,VP3,90,G,VP3,91,G
423,VP3,91,Y,VP3,92,R
424,VP3,92,S,VP3,93,S
425,VP3,93,S,VP3,94,G
426,VP3,94,V,VP3,95,P
427,VP3,95,F,VP3,96,W
428,VP3,96,S,VP3,97,Q
429,VP3,97,R,VP3,98,S
430,VP3,98,T,VP3,99,T
431,VP3,99,L,VP3,100,L
432,VP3,100,L,VP3,101,L
433,VP3,101,G,VP3,102,G
434,VP3,102,E,VP3,103,Q
435,VP3,103,I,VP3,104,L
436,VP3,104,L,VP3,105,C
437,VP3,105,N,VP3,106,G
438,VP3,106,Y,VP3,107,Y
439,VP3,107,Y,VP3,108,Y
440,VP3,108,T,VP3,109,T
441,VP3,109,H,VP3,110,Q
442,VP3,110,W,VP3,111,W
443,VP3,111,S,VP3,112,S
444,VP3,112,G,VP3,113,G
445,VP3,113,S,VP3,114,S
446,VP3,114,I,VP3,115,L
447,VP3,115,K,VP3,116,E
448,VP3,116,L,VP3,117,V
449,VP3,117,T,VP3,118,T
450,VP3,118,F,VP3,119,F
451,VP3,119,M,VP3,120,M
452,VP3,120,F,VP3,121,F
453,VP3,121,C,VP3,122,T
454,VP3,122,G,VP3,123,G
455,VP3,123,S,VP3,124,S
456,VP3,124,A,VP3,125,F
457,VP3,125,M,VP3,126,M
458,VP3,126,A,VP3,127,A
459,VP3,127,T,VP3,128,T
460,VP3,128,G,VP3,129,G
461,VP3,129,K,VP3,130,K
462,VP3,130,F,VP3,131,M
463,VP3,131,L,VP3,132,L
464,VP3,132,L,VP3,133,I
465,VP3,133,A,VP3,134,A
466,VP3,134,Y,VP3,135,Y
467,VP3,135,S,VP3,136,T
468,VP3,136,P,VP3,137,P
469,VP3,137,P,VP3,138,P
470,VP3,138,G,VP3,139,G
471,VP3,139,A,VP3,140,G
472,VP3,140,G,VP3,141,P
473,VP3,141,A,VP3,142,L
474,VP3,142,P,VP3,143,P
475,VP3,143,T,VP3,144,K
476,VP3,144,K,VP3,145,D
477,VP3,145,R,VP3,146,R
478,VP3,146,V,VP3,147,A
479,VP3,147,D,VP3,148,T
480,VP3,148,A,VP3,149,A
481,VP3,149,M,VP3,150,M
482,VP3,150,L,VP3,151,L
483,VP3,151,G,VP3,152,G
484,VP3,152,T,VP3,153,T
485,VP3,153,H,VP3,154,H
486,VP3,154,V,VP3,155,V
487,VP3,155,I,VP3,156,I
488,VP3,156,W,VP3,157,W
489,VP3,157,D,VP3,158,D
490,VP3,158,V,VP3,159,F
491,VP3,159,G,VP3,160,G
492,VP3,160,L,VP3,161,L
493,VP3,161,Q,VP3,162,Q
494,VP3,162,S,VP3,163,S
495,VP3,163,S,VP3,164,S
496,VP3,164,C,VP3,165,V
497,VP3,165,V,VP3,166,T
498,VP3,166,L,VP3,167,L
499,VP3,167,C,VP3,168,V
500,VP3,168,I,VP3,169,I
501,VP3,169,P,VP3,170,P
502,VP3,170,W,VP3,171,W
503,VP3,171,I,VP3,172,I
504,VP3,172,S,VP3,173,S
505,VP3,173,Q,VP3,174,N
506,VP3,174,T,VP3,175,T
507,VP3,175,H,VP3,176,H
508,VP3,176,Y,VP3,177,Y
509,VP3,177,R,VP3,178,R
510,VP3,178,F,VP3,179,A
511,VP3,179,V,VP3,180,H
512,VP3,180,A,VP3,181,A
513,VP3,181,S,VP3,182,R
514,VP3,182,D,VP3,183,D
515,VP3,183,E,VP3,187,D
516,VP3,184,Y,VP3,188,Y
517,VP3,185,T,VP3,189,Y
518,VP3,186,A,VP3,190,T
519,VP3,187,G,VP3,191,T
520,VP3,188,G,VP3,192,G
521,VP3,189,F,VP3,193,L
522,VP3,190,I,VP3,194,V
523,VP3,191,T,VP3,195,S
524,VP3,192,C,VP3,196,I
525,VP3,193,W,VP3,197,W
526,VP3,194,Y,VP3,198,Y
527,VP3,195,Q,VP3,199,Q
528,VP3,196,T,VP3,200,T
529,VP3,197,N,VP3,201,N
530,VP3,198,I,VP3,202,Y
531,VP3,199,V,VP3,203,V
532,VP3,200,V,VP3,204,V
533,VP3,201,P,VP3,205,P
534,VP3,202,A,VP3,206,I
535,VP3,203,D,VP3,207,G
536,VP3,204,A,VP3,208,A
537,VP3,205,Q,VP3,209,P
538,VP3,206,S,VP3,210,N
539,VP3,207,S,VP3,211,T
540,VP3,208,C,VP3,212,A
541,VP3,209,Y,VP3,213,Y
542,VP3,210,I,VP3,214,I
543,VP3,211,M,VP3,215,I
544,VP3,212,C,VP3,216,A
545,VP3,213,F,VP3,217,L
546,VP3,214,V,VP3,218,A
547,VP3,215,S,VP3,219,A
548,VP3,216,A,VP3,220,A
549,VP3,217,C,VP3,221,Q
550,VP3,218,N,VP3,222,K
551,VP3,219,D,VP3,223,N
552,VP3,220,F,VP3,224,F
553,VP3,221,S,VP3,225,T
554,VP3,222,V,VP3,226,M
555,VP3,223,R,VP3,227,K
556,VP3,224,L,VP3,228,L
557,VP3,225,L,VP3,229,C
558,VP3,226,K,VP3,230,K
559,VP3,227,D,VP3,231,D
560,VP3,228,T,VP3,232,A
561,VP3,229,P,VP3,233,S
562,VP3,230,F,VP3,234,D
563,VP3,231,I,VP3,235,I
564,VP3,232,S,VP3,236,L
565,VP3,233,Q,VP3,237,Q
566,VP3,234,Q,VP3,238,T
567,VP3,235,N,VP3,239,G
568,VP3,236,F,VP3,240,T
569,VP3,237,F,VP3,241,I
570,VP3,238,Q,VP3,242,Q
571,VP1,1,G,NA,NA,NA
572,VP1,2,P,NA,NA,NA
573,VP1,3,V,NA,NA,NA
574,VP1,4,E,NA,NA,NA
575,VP1,5,D,NA,NA,NA
576,VP1,6,A,NA,NA,NA
577,VP1,7,I,NA,NA,NA
578,VP1,8,T,NA,NA,NA
579,VP1,9,A,VP1,1,G
580,VP1,10,A,VP1,2,D
581,VP1,11,I,VP1,3,R
582,VP1,12,G,VP1,4,V
583,VP1,13,R,VP1,5,A
584,VP1,14,V,VP1,6,D
585,VP1,15,A,VP1,7,V
586,VP1,16,D,VP1,8,I
587,VP1,17,T,VP1,9,E
588,VP1,18,V,VP1,10,S
589,VP1,19,G,VP1,11,S
590,VP1,20,T,VP1,12,I
591,VP1,21,G,VP1,13,G
592,VP1,22,P,VP1,14,D
593,VP1,23,T,VP1,15,S
594,VP1,24,N,VP1,16,V
595,VP1,25,S,VP1,17,S
596,VP1,26,E,VP1,18,R
597,VP1,27,A,VP1,19,A
598,VP1,28,I,VP1,44,V
599,VP1,29,P,VP1,45,P
600,VP1,30,A,VP1,46,A
601,VP1,31,L,VP1,47,L
602,VP1,32,T,VP1,48,Q
603,VP1,33,A,VP1,49,A
604,VP1,34,A,VP1,50,A
605,VP1,35,E,VP1,51,E
606,VP1,36,T,VP1,52,I
607,VP1,37,G,VP1,53,G
608,VP1,38,H,VP1,54,A
609,VP1,39,T,VP1,55,S
610,VP1,40,S,VP1,56,S
611,VP1,41,Q,VP1,57,N
612,VP1,42,V,VP1,58,A
613,VP1,43,V,VP1,59,S
614,VP1,44,P,VP1,60,D
615,VP1,45,G,VP1,61,E
616,VP1,46,D,VP1,62,S
617,VP1,47,T,VP1,63,M
618,VP1,48,M,VP1,64,I
619,VP1,49,Q,VP1,65,E
620,VP1,50,T,VP1,66,T
621,VP1,51,R,VP1,67,R
622,VP1,52,H,VP1,68,C
623,VP1,53,V,VP1,69,V
624,VP1,54,K,VP1,70,L
625,VP1,55,N,VP1,71,N
626,VP1,56,Y,VP1,72,S
627,VP1,57,H,VP1,73,H
628,VP1,58,S,VP1,74,S
629,VP1,59,R,VP1,75,T
630,VP1,60,S,VP1,76,A
631,VP1,61,E,VP1,77,E
632,VP1,62,S,VP1,78,T
633,VP1,63,T,VP1,79,T
634,VP1,64,I,VP1,80,L
635,VP1,65,E,VP1,81,D
636,VP1,66,N,VP1,82,S
637,VP1,67,F,VP1,83,F
638,VP1,68,L,VP1,84,F
639,VP1,69,C,VP1,85,S
640,VP1,70,R,VP1,86,R
641,VP1,71,S,VP1,87,A
642,VP1,72,A,VP1,88,G
643,VP1,73,C,VP1,89,L
644,VP1,74,V,VP1,90,V
645,VP1,75,Y,VP1,91,G
646,VP1,76,F,VP1,92,E
647,VP1,77,T,VP1,93,I
648,VP1,78,E,VP1,94,D
649,VP1,79,Y,VP1,95,L
650,VP1,80,K,VP1,96,P
651,VP1,81,N,VP1,97,L
652,VP1,82,S,VP1,98,E
653,VP1,83,G,VP1,99,G
654,VP1,84,A,VP1,100,T
655,VP1,85,K,VP1,101,T
656,VP1,86,R,VP1,102,N
657,VP1,87,Y,VP1,106,Y
658,VP1,88,A,VP1,107,A
659,VP1,89,E,VP1,108,N
660,VP1,90,W,VP1,109,W
661,VP1,91,V,VP1,110,D
662,VP1,92,L,VP1,111,I
663,VP1,93,T,VP1,112,D
664,VP1,94,P,VP1,113,I
665,VP1,95,R,VP1,114,T
666,VP1,96,Q,VP1,115,G
667,VP1,97,A,VP1,116,Y
668,VP1,98,A,VP1,117,A
669,VP1,99,Q,VP1,118,Q
670,VP1,100,L,VP1,119,M
671,VP1,101,R,VP1,120,R
672,VP1,102,R,VP1,121,R
673,VP1,103,K,VP1,122,K
674,VP1,104,L,VP1,123,V
675,VP1,105,E,VP1,124,E
676,VP1,106,F,VP1,125,L
677,VP1,107,F,VP1,126,F
678,VP1,108,T,VP1,127,T
679,VP1,109,Y,VP1,128,Y
680,VP1,110,V,VP1,129,M
681,VP1,111,R,VP1,130,R
682,VP1,112,F,VP1,131,F
683,VP1,113,D,VP1,132,D
684,VP1,114,L,VP1,133,A
685,VP1,115,E,VP1,134,E
686,VP1,116,L,VP1,135,F
687,VP1,117,T,VP1,136,T
688,VP1,118,F,VP1,137,F
689,VP1,119,V,VP1,138,V
690,VP1,120,I,VP1,139,A
691,VP1,121,T,VP1,140,C
692,VP1,122,S,VP1,141,T
693,VP1,123,T,VP1,142,P
694,VP1,124,Q,VP1,143,T
695,VP1,125,Q,VP1,144,G
696,VP1,126,P,VP1,145,Q
697,VP1,127,S,VP1,146,V
698,VP1,128,T,VP1,147,V
699,VP1,129,T,VP1,148,P
700,VP1,130,Q,VP1,149,Q
701,VP1,131,N,VP1,150,L
702,VP1,132,Q,VP1,151,L
703,VP1,133,D,NA,NA,-
704,VP1,134,A,NA,NA,-
705,VP1,135,Q,NA,NA,-
706,VP1,136,I,NA,NA,-
707,VP1,137,L,NA,NA,-
708,VP1,138,T,NA,NA,-
709,VP1,139,H,NA,NA,-
710,VP1,140,Q,VP1,152,Q
711,VP1,141,I,VP1,153,Y
712,VP1,142,M,VP1,154,M
713,VP1,143,Y,VP1,155,F
714,VP1,144,V,VP1,156,V
715,VP1,145,P,VP1,157,P
716,VP1,146,P,VP1,158,P
717,VP1,147,G,VP1,159,G
718,VP1,148,G,VP1,160,A
719,VP1,149,P,VP1,161,P
720,VP1,150,V,VP1,162,K
721,VP1,151,P,VP1,163,P
722,VP1,152,D,VP1,164,D
723,VP1,153,K,VP1,165,S
724,VP1,154,V,VP1,166,R
725,VP1,155,D,VP1,167,E
726,VP1,156,S,VP1,168,S
727,VP1,157,Y,VP1,169,L
728,VP1,158,V,VP1,170,A
729,VP1,159,W,VP1,171,W
730,VP1,160,Q,VP1,172,Q
731,VP1,161,T,VP1,173,T
732,VP1,162,S,VP1,174,A
733,VP1,163,T,VP1,175,T
734,VP1,164,N,VP1,176,N
735,VP1,165,P,VP1,177,P
736,VP1,166,S,VP1,178,S
737,VP1,167,V,VP1,179,V
738,VP1,168,F,VP1,180,F
739,VP1,169,W,VP1,181,V
740,VP1,170,T,VP1,182,K
741,VP1,171,E,VP1,183,L
742,VP1,172,G,VP1,184,S
743,VP1,173,N,VP1,185,D
744,VP1,174,A,VP1,186,P
745,VP1,175,P,VP1,187,P
746,VP1,176,P,VP1,188,A
747,VP1,177,R,VP1,189,Q
748,VP1,178,M,VP1,190,V
749,VP1,179,S,VP1,191,S
750,VP1,180,I,VP1,192,V
751,VP1,181,P,VP1,193,P
752,VP1,182,F,VP1,194,F
753,VP1,183,L,VP1,195,M
754,VP1,184,S,VP1,196,S
755,VP1,185,I,VP1,197,P
756,VP1,186,G,VP1,198,A
757,VP1,187,N,VP1,199,S
758,VP1,188,A,VP1,200,A
759,VP1,189,Y,VP1,201,Y
760,VP1,190,S,VP1,202,Q
761,VP1,191,N,VP1,203,W
762,VP1,192,F,VP1,204,F
763,VP1,193,Y,VP1,205,Y
764,VP1,194,D,VP1,206,D
765,VP1,195,G,VP1,207,G
766,VP1,196,W,VP1,208,Y
767,VP1,197,S,VP1,209,P
768,VP1,198,E,VP1,210,T
769,VP1,199,F,VP1,211,F
770,VP1,200,S,VP1,212,G
771,VP1,201,R,VP1,213,E
772,VP1,202,N,VP1,214,H
773,VP1,203,G,VP1,215,K
774,VP1,204,V,VP1,216,Q
775,VP1,205,Y,VP1,222,Y
776,VP1,206,G,VP1,223,G
777,VP1,207,I,VP1,224,A
778,VP1,208,N,VP1,225,C
779,VP1,209,T,VP1,226,P
780,VP1,210,L,VP1,227,N
781,VP1,211,N,VP1,228,N
782,VP1,212,N,VP1,229,M
783,VP1,213,M,VP1,230,M
784,VP1,214,G,VP1,231,G
785,VP1,215,T,VP1,232,T
786,VP1,216,L,VP1,233,F
787,VP1,217,Y,VP1,234,S
788,VP1,218,A,VP1,235,V
789,VP1,219,R,VP1,236,R
790,VP1,220,H,VP1,237,T
791,VP1,221,V,VP1,238,V
792,VP1,222,N,VP1,239,G
793,VP1,223,A,VP1,240,T
794,VP1,224,G,VP1,241,S
795,VP1,225,S,VP1,242,K
796,VP1,226,T,VP1,243,S
797,VP1,227,G,VP1,244,K
798,VP1,228,P,VP1,245,Y
799,VP1,229,I,VP1,246,P
800,VP1,230,K,VP1,247,L
801,VP1,231,S,NA,NA,-
802,VP1,232,T,VP1,248,V
803,VP1,233,I,VP1,249,I
804,VP1,234,R,VP1,250,R
805,VP1,235,I,VP1,251,I
806,VP1,236,Y,VP1,252,Y
807,VP1,237,F,VP1,253,M
808,VP1,238,K,VP1,254,R
809,VP1,239,P,VP1,255,M
810,VP1,240,K,VP1,256,K
811,VP1,241,H,VP1,257,H
812,VP1,242,V,VP1,258,V
813,VP1,243,K,VP1,259,R
814,VP1,244,A,VP1,260,A
815,VP1,245,W,VP1,261,W
816,VP1,246,I,VP1,262,I
817,VP1,247,P,VP1,263,P
818,VP1,248,R,VP1,264,R
819,VP1,249,P,VP1,265,P
820,VP1,250,P,VP1,266,M
821,VP1,251,R,VP1,267,R
822,VP1,252,L,VP1,268,N
823,VP1,253,C,VP1,269,Q
824,VP1,254,Q,VP1,270,N
825,VP1,255,Y,VP1,271,Y
826,VP1,256,E,VP1,272,L
827,VP1,257,K,VP1,273,F
828,VP1,258,A,VP1,274,K
829,VP1,259,K,VP1,275,A
830,VP1,260,N,VP1,276,N
831,VP1,261,V,VP1,277,P
832,VP1,262,N,VP1,278,N
833,VP1,263,F,VP1,279,Y
834,VP1,264,Q,VP1,280,A
835,VP1,265,P,VP1,281,G
836,VP1,266,S,VP1,282,N
837,VP1,267,G,VP1,283,F
838,VP1,268,V,VP1,284,I
839,VP1,269,T,VP1,285,K
840,VP1,270,T,VP1,286,P
841,VP1,271,T,VP1,287,T
842,VP1,272,R,VP1,288,G
843,VP1,273,Q,VP1,289,A
844,VP1,274,S,VP1,293,A
845,VP1,275,I,VP1,294,I
846,VP1,276,T,VP1,295,T
847,VP1,277,T,VP1,296,T
848,VP1,278,M,VP1,297,L
849,VP1,279,T,NA,NA,-
850,VP1,280,N,NA,NA,-
851,VP1,281,T,NA,NA,-
852,2A,1,G,2A,1,G
853,2A,2,A,2A,2,K
854,2A,3,F,2A,3,F
855,2A,4,G,2A,4,G
856,2A,5,Q,2A,5,Q
857,2A,6,Q,2A,6,Q
858,2A,7,S,2A,7,S
859,2A,8,G,2A,8,G
860,2A,9,A,2A,9,A
861,2A,10,V,2A,10,I
862,2A,11,Y,2A,11,Y
863,2A,12,V,2A,12,V
864,2A,13,G,2A,13,G
865,2A,14,N,2A,14,N
866,2A,15,Y,2A,15,F
867,2A,16,R,2A,16,R
868,2A,17,V,2A,17,V
869,2A,18,V,2A,18,V
870,2A,19,N,2A,19,N
871,2A,20,R,2A,20,R
872,2A,21,H,2A,21,H
873,2A,22,L,2A,22,L
874,2A,23,A,2A,23,A
875,2A,24,T,2A,24,T
876,2A,25,S,2A,25,H
877,2A,26,A,2A,26,N
878,2A,27,D,2A,27,D
879,2A,28,W,2A,28,W
880,2A,29,Q,2A,29,A
881,2A,30,N,2A,30,N
882,2A,31,C,2A,31,L
883,2A,32,V,2A,32,V
884,2A,33,W,2A,33,W
885,2A,34,E,2A,34,E
886,2A,35,S,2A,35,D
887,2A,36,Y,2A,36,S
888,2A,37,N,2A,37,S
889,2A,38,R,2A,38,R
890,2A,39,D,2A,39,D
891,2A,40,L,2A,40,L
892,2A,41,L,2A,41,L
893,2A,42,V,2A,42,V
894,2A,43,S,2A,43,S
895,2A,44,T,2A,44,S
896,2A,45,T,2A,45,T
897,2A,46,T,2A,46,T
898,2A,47,A,2A,47,A
899,2A,48,H,2A,48,Q
900,2A,49,G,2A,49,G
901,2A,50,C,2A,50,C
902,2A,51,D,2A,51,D
903,2A,52,I,2A,52,T
904,2A,53,I,2A,53,I
905,2A,54,A,2A,54,A
906,2A,55,R,2A,55,R
907,2A,56,C,2A,56,C
908,2A,57,Q,2A,57,N
909,2A,58,C,2A,58,C
910,2A,59,T,2A,59,Q
911,2A,60,T,2A,60,T
912,2A,61,G,2A,61,G
913,2A,62,V,2A,62,V
914,2A,63,Y,2A,63,Y
915,2A,64,F,2A,64,Y
916,2A,65,C,2A,65,C
917,2A,66,A,2A,66,N
918,2A,67,S,2A,67,S
919,2A,68,K,2A,68,M
920,2A,69,N,2A,69,R
921,2A,70,K,2A,70,K
922,2A,71,H,2A,71,H
923,2A,72,Y,2A,72,Y
924,2A,73,P,2A,73,P
925,2A,74,I,2A,74,V
926,2A,75,S,2A,75,S
927,2A,76,F,2A,76,F
928,2A,77,E,2A,77,S
929,2A,78,G,2A,78,K
930,2A,79,P,2A,79,P
931,2A,80,G,2A,80,S
932,2A,81,L,2A,81,L
933,2A,82,V,2A,82,I
934,2A,83,E,2A,83,F
935,2A,84,V,2A,84,V
936,2A,85,Q,2A,85,E
937,2A,86,E,2A,86,A
938,2A,87,S,2A,87,S
939,2A,88,E,2A,88,E
940,2A,89,Y,2A,89,Y
941,2A,90,Y,2A,90,Y
942,2A,91,P,2A,91,P
943,2A,92,R,2A,92,A
944,2A,93,R,2A,93,R
945,2A,94,Y,2A,94,Y
946,2A,95,Q,2A,95,Q
947,2A,96,S,2A,96,S
948,2A,97,H,2A,97,H
949,2A,98,V,2A,98,L
950,2A,99,L,2A,99,M
951,2A,100,L,2A,100,L
952,2A,101,A,2A,101,A
953,2A,102,A,2A,102,V
954,2A,103,G,2A,103,G
955,2A,104,F,2A,104,H
956,2A,105,S,2A,105,S
957,2A,106,E,2A,106,E
958,2A,107,P,2A,107,P
959,2A,108,G,2A,108,G
960,2A,109,D,2A,109,D
961,2A,110,C,2A,110,C
962,2A,111,G,2A,111,G
963,2A,112,G,2A,112,G
964,2A,113,I,2A,113,I
965,2A,114,L,2A,114,L
966,2A,115,R,2A,115,R
967,2A,116,C,2A,116,C
968,2A,117,E,2A,117,Q
969,2A,118,H,2A,118,H
970,2A,119,G,2A,119,G
971,2A,120,V,2A,120,V
972,2A,121,I,2A,121,V
973,2A,122,G,2A,122,G
974,2A,123,I,2A,123,I
975,2A,124,V,2A,124,V
976,2A,125,T,2A,125,S
977,2A,126,M,2A,126,T
978,2A,127,G,2A,127,G
979,2A,128,G,2A,128,G
980,2A,129,E,2A,129,N
981,2A,130,G,2A,130,G
982,2A,131,V,2A,131,L
983,2A,132,V,2A,132,V
984,2A,133,G,2A,133,G
985,2A,134,F,2A,134,F
986,2A,135,A,2A,135,A
987,2A,136,D,2A,136,D
988,2A,137,I,2A,137,V
989,2A,138,R,2A,138,R
990,2A,139,D,2A,139,D
991,2A,140,L,2A,140,L
992,2A,141,L,2A,141,L
993,2A,142,W,2A,142,W
994,2A,143,L,2A,143,L
995,2A,144,E,2A,144,D
996,2A,145,D,2A,145,D
997,2A,146,D,2A,146,E
998,2A,147,A,2A,147,A
999,2A,148,M,2A,148,M
1000,2A,149,E,2A,149,E
1001,2A,150,Q,2A,150,Q
1002,2B,1,G,2B,1,G
1003,2B,2,V,2B,2,V
1004,2B,3,K,2B,3,S
1005,2B,4,D,2B,4,D
1006,2B,5,Y,2B,5,Y
1007,2B,6,V,2B,6,I
1008,2B,7,E,2B,7,K
1009,2B,8,Q,2B,8,G
1010,2B,9,L,2B,9,L
1011,2B,10,G,2B,10,G
1012,2B,11,N,2B,11,D
1013,2B,12,A,2B,12,A
1014,2B,13,F,2B,13,F
1015,2B,14,G,2B,14,G
1016,2B,15,S,2B,15,M
1017,2B,16,G,2B,16,G
1018,2B,17,F,2B,17,F
1019,2B,18,T,2B,18,T
1020,2B,19,N,2B,19,D
1021,2B,20,Q,2B,20,A
1022,2B,21,I,2B,21,V
1023,2B,22,C,2B,22,S
1024,2B,23,E,2B,23,R
1025,2B,24,Q,2B,24,E
1026,2B,25,V,2B,25,V
1027,2B,26,N,2B,26,E
1028,2B,27,L,2B,27,A
1029,2B,28,L,2B,28,L
1030,2B,29,K,2B,29,K
1031,2B,30,E,2B,30,S
1032,2B,31,S,2B,31,H
1033,2B,32,L,2B,32,L
1034,2B,33,V,2B,33,I
1035,2B,34,G,2B,34,G
1036,2B,35,Q,2B,35,S
1037,2B,36,D,2B,36,E
1038,2B,37,S,2B,37,G
1039,2B,38,I,2B,38,A
1040,2B,39,L,2B,39,V
1041,2B,40,E,2B,40,E
1042,2B,41,K,2B,41,K
1043,2B,42,S,2B,42,I
1044,2B,43,L,2B,43,L
1045,2B,44,K,2B,44,K
1046,2B,45,A,2B,45,N
1047,2B,46,L,2B,46,L
1048,2B,47,V,2B,47,V
1049,2B,48,K,2B,48,K
1050,2B,49,I,2B,49,L
1051,2B,50,I,2B,50,I
1052,2B,51,S,2B,51,S
1053,2B,52,A,2B,52,A
1054,2B,53,L,2B,53,L
1055,2B,54,V,2B,54,V
1056,2B,55,I,2B,55,I
1057,2B,56,V,2B,56,V
1058,2B,57,V,2B,57,I
1059,2B,58,R,2B,58,R
1060,2B,59,N,2B,59,S
1061,2B,60,H,2B,60,D
1062,2B,61,D,2B,61,Y
1063,2B,62,D,2B,62,D
1064,2B,63,L,2B,63,M
1065,2B,64,I,2B,64,V
1066,2B,65,T,2B,65,T
1067,2B,66,V,2B,66,L
1068,2B,67,T,2B,67,T
1069,2B,68,A,2B,68,A
1070,2B,69,T,2B,69,T
1071,2B,70,L,2B,70,L
1072,2B,71,A,2B,71,A
1073,2B,72,L,2B,72,L
1074,2B,73,I,2B,73,I
1075,2B,74,G,2B,74,G
1076,2B,75,C,2B,75,C
1077,2B,76,T,2B,76,H
1078,2B,77,S,2B,77,G
1079,2B,78,S,2B,78,S
1080,2B,79,P,2B,79,P
1081,2B,80,W,2B,80,W
1082,2B,81,R,2B,81,A
1083,2B,82,W,2B,82,W
1084,2B,83,L,2B,83,V
1085,2B,84,K,2B,84,K
1086,2B,85,Q,2B,85,S
1087,2B,86,K,2B,86,K
1088,2B,87,V,2B,87,T
1089,2B,88,S,2B,88,A
1090,2B,89,Q,2B,89,S
1091,2B,90,Y,2B,90,I
1092,2B,91,Y,2B,91,L
1093,2B,92,G,2B,92,G
1094,2B,93,I,2B,93,I
1095,2B,94,P,2B,94,P
1096,2B,95,M,2B,95,M
1097,2B,96,A,2B,96,A
1098,2B,97,E,2B,97,Q
1099,2B,98,R,2B,98,K
1100,2B,99,Q,2B,99,Q
1101,2C,1,N,2C,1,S
1102,2C,2,N,2C,2,A
1103,2C,3,S,2C,3,S
1104,2C,4,W,2C,4,W
1105,2C,5,L,2C,5,L
1106,2C,6,K,2C,6,K
1107,2C,7,K,2C,7,K
1108,2C,8,F,2C,8,F
1109,2C,9,T,2C,9,N
1110,2C,10,E,2C,10,D
1111,2C,11,M,2C,11,A
1112,2C,12,T,2C,12,A
1113,2C,13,N,2C,13,S
1114,2C,14,A,2C,14,A
1115,2C,15,C,2C,15,A
1116,2C,16,K,2C,16,K
1117,2C,17,G,2C,17,G
1118,2C,18,M,2C,18,L
1119,2C,19,E,2C,19,E
1120,2C,20,W,2C,20,W
1121,2C,21,I,2C,21,I
1122,2C,22,A,2C,22,S
1123,2C,23,V,2C,23,N
1124,2C,24,K,2C,24,K
1125,2C,25,I,2C,25,I
1126,2C,26,Q,2C,26,S
1127,2C,27,K,2C,27,K
1128,2C,28,F,2C,28,F
1129,2C,29,I,2C,29,I
1130,2C,30,E,2C,30,D
1131,2C,31,W,2C,31,W
1132,2C,32,L,2C,32,L
1133,2C,33,K,2C,33,K
1134,2C,34,V,2C,34,E
1135,2C,35,K,2C,35,K
1136,2C,36,I,2C,36,I
1137,2C,37,L,2C,37,I
1138,2C,38,P,2C,38,P
1139,2C,39,E,2C,39,A
1140,2C,40,V,2C,40,A
1141,2C,41,R,2C,41,K
1142,2C,42,E,2C,42,E
1143,2C,43,K,2C,43,K
1144,2C,44,H,2C,44,V
1145,2C,45,E,2C,45,E
1146,2C,46,F,2C,46,F
1147,2C,47,L,2C,47,L
1148,2C,48,N,2C,48,N
1149,2C,49,R,2C,49,N
1150,2C,50,L,2C,50,L
1151,2C,51,K,2C,51,K
1152,2C,52,Q,2C,52,Q
1153,2C,53,L,2C,53,L
1154,2C,54,P,2C,54,P
1155,2C,55,L,2C,55,L
1156,2C,56,L,2C,56,L
1157,2C,57,E,2C,57,E
1158,2C,58,S,2C,58,N
1159,2C,59,Q,2C,59,Q
1160,2C,60,I,2C,60,I
1161,2C,61,A,2C,61,S
1162,2C,62,T,2C,62,N
1163,2C,63,I,2C,63,L
1164,2C,64,E,2C,64,E
1165,2C,65,Q,2C,65,Q
1166,2C,66,S,2C,66,S
1167,2C,67,A,2C,67,A
1168,2C,68,P,2C,68,A
1169,2C,69,S,2C,69,S
1170,2C,70,Q,2C,70,Q
1171,2C,71,S,2C,71,E
1172,2C,72,D,2C,72,D
1173,2C,73,Q,2C,73,L
1174,2C,74,E,2C,74,E
1175,2C,75,Q,2C,75,A
1176,2C,76,L,2C,76,M
1177,2C,77,F,2C,77,F
1178,2C,78,S,2C,78,G
1179,2C,79,N,2C,79,N
1180,2C,80,V,2C,80,V
1181,2C,81,Q,2C,81,S
1182,2C,82,Y,2C,82,Y
1183,2C,83,F,2C,83,L
1184,2C,84,A,2C,84,A
1185,2C,85,H,2C,85,H
1186,2C,86,Y,2C,86,F
1187,2C,87,C,2C,87,C
1188,2C,88,R,2C,88,R
1189,2C,89,K,2C,89,K
1190,2C,90,Y,2C,90,F
1191,2C,91,A,2C,91,Q
1192,2C,92,P,2C,92,P
1193,2C,93,L,2C,93,L
1194,2C,94,Y,2C,94,Y
1195,2C,95,A,2C,95,A
1196,2C,96,A,2C,96,T
1197,2C,97,E,2C,97,E
1198,2C,98,A,2C,98,A
1199,2C,99,K,2C,99,K
1200,2C,100,R,2C,100,R
1201,2C,101,V,2C,101,V
1202,2C,102,F,2C,102,Y
1203,2C,103,S,2C,103,A
1204,2C,104,L,2C,104,L
1205,2C,105,E,2C,105,E
1206,2C,106,K,2C,106,K
1207,2C,107,K,2C,107,R
1208,2C,108,M,2C,108,M
1209,2C,109,S,2C,109,N
1210,2C,110,N,2C,110,N
1211,2C,111,Y,2C,111,Y
1212,2C,112,I,2C,112,M
1213,2C,113,Q,2C,113,Q
1214,2C,114,F,2C,114,F
1215,2C,115,K,2C,115,K
1216,2C,116,S,2C,116,S
1217,2C,117,K,2C,117,K
1218,2C,118,C,2C,118,H
1219,2C,119,R,2C,119,R
1220,2C,120,I,2C,120,I
1221,2C,121,E,2C,121,E
1222,2C,122,P,2C,122,P
1223,2C,123,V,2C,123,V
1224,2C,124,C,2C,124,C
1225,2C,125,L,2C,125,L
1226,2C,126,L,2C,126,I
1227,2C,127,L,2C,127,I
1228,2C,128,H,2C,128,R
1229,2C,129,G,2C,129,G
1230,2C,130,S,2C,130,S
1231,2C,131,P,2C,131,P
1232,2C,132,G,2C,132,G
1233,2C,133,A,2C,133,T
1234,2C,134,G,2C,134,G
1235,2C,135,K,2C,135,K
1236,2C,136,S,2C,136,S
1237,2C,137,V,2C,137,L
1238,2C,138,A,2C,138,A
1239,2C,139,T,2C,139,T
1240,2C,140,N,2C,140,G
1241,2C,141,L,2C,141,I
1242,2C,142,I,2C,142,I
1243,2C,143,G,2C,143,A
1244,2C,144,R,2C,144,R
1245,2C,145,S,2C,145,A
1246,2C,146,L,2C,146,I
1247,2C,147,A,2C,147,A
1248,2C,148,E,2C,148,D
1249,2C,149,K,2C,149,K
1250,2C,150,L,2C,150,Y
1251,2C,151,N,2C,151,H
1252,2C,152,S,2C,152,S
1253,2C,153,S,2C,153,S
1254,2C,154,V,2C,154,V
1255,2C,155,Y,2C,155,Y
1256,2C,156,S,2C,156,S
1257,2C,157,L,2C,157,L
1258,2C,158,P,2C,158,P
1259,2C,159,P,2C,159,P
1260,2C,160,D,2C,160,D
1261,2C,161,P,2C,161,P
1262,2C,162,D,2C,162,D
1263,2C,163,H,2C,163,H
1264,2C,164,F,2C,164,F
1265,2C,165,D,2C,165,D
1266,2C,166,G,2C,166,G
1267,2C,167,Y,2C,167,Y
1268,2C,168,K,2C,168,K
1269,2C,169,Q,2C,169,Q
1270,2C,170,Q,2C,170,Q
1271,2C,171,A,2C,171,I
1272,2C,172,V,2C,172,V
1273,2C,173,V,2C,173,T
1274,2C,174,I,2C,174,V
1275,2C,175,M,2C,175,M
1276,2C,176,D,2C,176,D
1277,2C,177,D,2C,177,D
1278,2C,178,L,2C,178,L
1279,2C,179,C,2C,179,C
1280,2C,180,Q,2C,180,Q
1281,2C,181,N,2C,181,N
1282,2C,182,P,2C,182,P
1283,2C,183,D,2C,183,D
1284,2C,184,G,2C,184,G
1285,2C,185,K,2C,185,K
1286,2C,186,D,2C,186,D
1287,2C,187,V,2C,187,M
1288,2C,188,S,2C,188,S
1289,2C,189,L,2C,189,L
1290,2C,190,F,2C,190,F
1291,2C,191,C,2C,191,C
1292,2C,192,Q,2C,192,Q
1293,2C,193,M,2C,193,M
1294,2C,194,V,2C,194,V
1295,2C,195,S,2C,195,S
1296,2C,196,S,2C,196,T
1297,2C,197,V,2C,197,V
1298,2C,198,D,2C,198,D
1299,2C,199,F,2C,199,F
1300,2C,200,V,2C,200,I
1301,2C,201,P,2C,201,P
1302,2C,202,P,2C,202,P
1303,2C,203,M,2C,203,M
1304,2C,204,A,2C,204,A
1305,2C,205,A,2C,205,S
1306,2C,206,L,2C,206,L
1307,2C,207,E,2C,207,E
1308,2C,208,E,2C,208,E
1309,2C,209,K,2C,209,K
1310,2C,210,G,2C,210,G
1311,2C,211,I,2C,211,V
1312,2C,212,L,2C,212,S
1313,2C,213,F,2C,213,F
1314,2C,214,T,2C,214,T
1315,2C,215,S,2C,215,S
1316,2C,216,P,2C,216,K
1317,2C,217,F,2C,217,F
1318,2C,218,V,2C,218,V
1319,2C,219,L,2C,219,I
1320,2C,220,A,2C,220,A
1321,2C,221,S,2C,221,S
1322,2C,222,T,2C,222,T
1323,2C,223,N,2C,223,N
1324,2C,224,A,2C,224,A
1325,2C,225,G,2C,225,S
1326,2C,226,S,2C,226,N
1327,2C,227,I,2C,227,I
1328,2C,228,N,2C,228,I
1329,2C,229,A,2C,229,V
1330,2C,230,P,2C,230,P
1331,2C,231,T,2C,231,T
1332,2C,232,V,2C,232,V
1333,2C,233,S,2C,233,S
1334,2C,234,D,2C,234,D
1335,2C,235,S,2C,235,S
1336,2C,236,R,2C,236,D
1337,2C,237,A,2C,237,A
1338,2C,238,L,2C,238,I
1339,2C,239,A,2C,239,R
1340,2C,240,R,2C,240,R
1341,2C,241,R,2C,241,R
1342,2C,242,F,2C,242,F
1343,2C,243,H,2C,243,F
1344,2C,244,F,2C,244,M
1345,2C,245,D,2C,245,D
1346,2C,246,M,2C,246,C
1347,2C,247,N,2C,247,D
1348,2C,248,I,2C,248,I
1349,2C,249,E,2C,249,E
1350,2C,250,V,2C,250,V
1351,2C,251,I,2C,251,T
1352,2C,252,S,2C,252,D
1353,2C,253,M,2C,253,S
1354,2C,254,Y,2C,254,Y
1355,2C,255,S,2C,256,T
1356,2C,256,Q,2C,257,E
1357,2C,257,N,2C,258,L
1358,2C,258,G,2C,259,G
1359,2C,259,K,2C,260,R
1360,2C,260,I,2C,261,L
1361,2C,261,N,2C,262,D
1362,2C,262,M,2C,263,A
1363,2C,263,P,2C,264,G
1364,2C,264,M,2C,265,R
1365,2C,265,S,2C,266,A
1366,2C,266,V,2C,267,A
1367,2C,267,K,2C,268,R
1368,2C,268,T,2C,269,L
1369,2C,269,C,2C,270,C
1370,2C,270,D,2C,271,S
1371,2C,271,D,2C,272,E
1372,2C,272,E,2C,273,N
1373,2C,273,C,2C,274,N
1374,2C,274,C,2C,275,T
1375,2C,275,P,2C,-,-
1376,2C,276,V,2C,276,A
1377,2C,277,N,2C,277,N
1378,2C,278,F,2C,278,F
1379,2C,279,K,2C,279,K
1380,2C,280,K,2C,280,R
1381,2C,281,C,2C,281,C
1382,2C,282,C,2C,282,S
1383,2C,283,P,2C,283,P
1384,2C,284,L,2C,284,L
1385,2C,285,V,2C,285,V
1386,2C,286,C,2C,286,C
1387,2C,287,G,2C,287,G
1388,2C,288,K,2C,288,K
1389,2C,289,A,2C,289,A
1390,2C,290,I,2C,290,I
1391,2C,291,Q,2C,291,Q
1392,2C,292,F,2C,292,L
1393,2C,293,I,2C,293,R
1394,2C,294,D,2C,294,D
1395,2C,295,R,2C,295,R
1396,2C,296,R,2C,296,K
1397,2C,297,T,2C,297,S
1398,2C,298,Q,2C,298,K
1399,2C,299,V,2C,299,V
1400,2C,300,R,2C,300,R
1401,2C,301,Y,2C,301,Y
1402,2C,302,S,2C,302,S
1403,2C,303,L,2C,303,V
1404,2C,304,D,2C,304,D
1405,2C,305,M,2C,305,T
1406,2C,306,L,2C,306,V
1407,2C,307,V,2C,307,V
1408,2C,308,T,2C,308,S
1409,2C,309,E,2C,309,E
1410,2C,310,M,2C,310,L
1411,2C,311,F,2C,311,I
1412,2C,312,R,2C,312,R
1413,2C,313,E,2C,313,E
1414,2C,314,Y,2C,314,Y
1415,2C,315,N,2C,315,N
1416,2C,316,H,2C,316,N
1417,2C,317,R,2C,317,R
1418,2C,318,H,2C,318,S
1419,2C,319,S,2C,319,V
1420,2C,320,V,2C,320,I
1421,2C,321,G,2C,321,G
1422,2C,322,T,2C,322,N
1423,2C,323,T,2C,323,T
1424,2C,324,L,2C,324,I
1425,2C,325,E,2C,325,E
1426,2C,326,A,2C,326,A
1427,2C,327,L,2C,327,L
1428,2C,328,F,2C,328,F
1429,2C,329,Q,2C,329,Q
1430,3A,1,G,3A,1,G
1431,3A,2,P,3A,2,P
1432,3A,3,P,3A,3,P
1433,3A,4,V,3A,4,K
1434,3A,5,Y,3A,5,F
1435,3A,6,R,3A,6,R
1436,3A,7,E,3A,7,P
1437,3A,8,I,3A,8,I
1438,3A,9,K,3A,9,R
1439,3A,10,I,3A,10,I
1440,3A,11,S,3A,11,S
1441,3A,12,V,3A,12,L
1442,3A,13,A,3A,13,E
1443,3A,14,P,3A,14,E
1444,3A,15,E,3A,-,-
1445,3A,16,T,3A,15,K
1446,3A,17,P,3A,16,P
1447,3A,18,P,3A,17,A
1448,3A,19,P,3A,18,P
1449,3A,20,P,3A,19,D
1450,3A,21,A,3A,20,A
1451,3A,22,I,3A,21,I
1452,3A,23,A,3A,22,S
1453,3A,24,D,3A,23,D
1454,3A,25,L,3A,24,L
1455,3A,26,L,3A,25,L
1456,3A,27,K,3A,26,A
1457,3A,28,S,3A,27,S
1458,3A,29,V,3A,28,V
1459,3A,30,D,3A,29,D
1460,3A,31,S,3A,30,S
1461,3A,32,E,3A,31,E
1462,3A,33,A,3A,32,E
1463,3A,34,V,3A,33,V
1464,3A,35,R,3A,34,R
1465,3A,36,E,3A,35,Q
1466,3A,37,Y,3A,36,Y
1467,3A,38,C,3A,37,C
1468,3A,39,K,3A,38,R
1469,3A,40,E,3A,39,D
1470,3A,41,K,3A,40,Q
1471,3A,42,G,3A,41,G
1472,3A,43,W,3A,42,W
1473,3A,44,L,3A,43,I
1474,3A,45,V,3A,44,V
1475,3A,46,P,3A,45,P
1476,3A,47,E,3A,46,D
1477,3A,48,I,3A,-,-
1478,3A,49,N,3A,-,-
1479,3A,50,S,3A,47,S
1480,3A,51,T,3A,48,P
1481,3A,52,L,3A,49,T
1482,3A,53,Q,3A,50,N
1483,3A,54,I,3A,51,V
1484,3A,55,E,3A,52,E
1485,3A,56,K,3A,53,R
1486,3A,57,H,3A,54,H
1487,3A,58,V,3A,55,L
1488,3A,59,S,3A,56,N
1489,3A,60,R,3A,57,R
1490,3A,61,A,3A,58,A
1491,3A,62,F,3A,59,V
1492,3A,63,I,3A,60,L
1493,3A,64,C,3A,61,I
1494,3A,65,L,3A,62,M
1495,3A,66,Q,3A,63,Q
1496,3A,67,A,3A,64,S
1497,3A,68,L,3A,65,V
1498,3A,69,T,3A,66,A
1499,3A,70,T,3A,67,T
1500,3A,71,F,3A,68,V
1501,3A,72,V,3A,69,V
1502,3A,73,S,3A,70,A
1503,3A,74,V,3A,71,V
1504,3A,75,A,3A,72,V
1505,3A,76,G,3A,73,S
1506,3A,77,I,3A,74,L
1507,3A,78,I,3A,75,V
1508,3A,79,Y,3A,76,Y
1509,3A,80,I,3A,77,V
1510,3A,81,I,3A,78,I
1511,3A,82,Y,3A,79,Y
1512,3A,83,K,3A,80,K
1513,3A,84,L,3A,81,L
1514,3A,85,F,3A,82,F
1515,3A,86,A,3A,83,A
1516,3A,87,G,3A,84,G
1517,3A,88,F,3A,85,F
1518,3A,89,Q,3A,86,Q
1519,3B,1,G,3B,1,G
1520,3B,2,A,3B,2,A
1521,3B,3,Y,3B,3,Y
1522,3B,4,T,3B,4,S
1523,3B,5,G,3B,5,G
1524,3B,6,V,3B,6,A
1525,3B,7,P,3B,7,P
1526,3B,8,N,3B,8,K
1527,3B,9,Q,3B,9,Q
1528,3B,10,K,3B,10,T
1529,3B,11,P,3B,11,L
1530,3B,12,R,3B,12,K
1531,3B,13,V,3B,13,K
1532,3B,14,P,3B,14,P
1533,3B,15,T,3B,15,V
1534,3B,16,L,3B,16,L
1535,3B,17,R,3B,17,R
1536,3B,18,Q,3B,18,T
1537,3B,19,A,3B,19,A
1538,3B,20,K,3B,20,T
1539,3B,21,V,3B,21,V
1540,3B,22,Q,3B,22,Q
1541,3C,1,G,3C,1,G
1542,3C,2,P,3C,2,P
1543,3C,3,A,3C,3,S
1544,3C,4,F,3C,4,L
1545,3C,5,E,3C,5,D
1546,3C,6,F,3C,6,F
1547,3C,7,A,3C,7,A
1548,3C,8,V,3C,8,L
1549,3C,9,A,3C,9,S
1550,3C,10,M,3C,10,L
1551,3C,11,M,3C,11,L
1552,3C,12,K,3C,12,R
1553,3C,13,R,3C,13,R
1554,3C,14,N,3C,14,N
1555,3C,15,S,3C,15,I
1556,3C,16,S,3C,16,R
1557,3C,17,T,3C,17,Q
1558,3C,18,V,3C,18,V
1559,3C,19,K,3C,19,Q
1560,3C,20,T,3C,20,T
1561,3C,21,E,3C,21,D
1562,3C,22,Y,3C,22,Q
1563,3C,23,G,3C,23,G
1564,3C,24,E,3C,24,H
1565,3C,25,F,3C,25,F
1566,3C,26,T,3C,26,T
1567,3C,27,M,3C,27,M
1568,3C,28,L,3C,28,L
1569,3C,29,G,3C,29,G
1570,3C,30,I,3C,30,V
1571,3C,31,Y,3C,31,R
1572,3C,32,D,3C,32,D
1573,3C,33,R,3C,33,R
1574,3C,34,W,3C,34,L
1575,3C,35,A,3C,35,A
1576,3C,36,V,3C,36,V
1577,3C,37,L,3C,37,L
1578,3C,38,P,3C,38,P
1579,3C,39,R,3C,39,R
1580,3C,40,H,3C,40,H
1581,3C,41,A,3C,41,S
1582,3C,42,K,3C,42,Q
1583,3C,43,P,3C,43,P
1584,3C,44,G,3C,44,G
1585,3C,45,P,3C,45,K
1586,3C,46,T,3C,46,T
1587,3C,47,I,3C,47,I
1588,3C,48,L,3C,48,W
1589,3C,49,M,3C,49,V
1590,3C,50,N,3C,50,E
1591,3C,51,D,3C,51,H
1592,3C,52,Q,3C,52,K
1593,3C,53,E,3C,53,L
1594,3C,54,V,3C,54,V
1595,3C,55,G,3C,55,K
1596,3C,56,V,3C,56,I
1597,3C,57,L,3C,57,V
1598,3C,58,D,3C,58,D
1599,3C,59,A,3C,59,A
1600,3C,60,K,3C,60,V
1601,3C,61,E,3C,61,E
1602,3C,62,L,3C,62,L
1603,3C,63,V,3C,63,V
1604,3C,64,D,3C,64,D
1605,3C,65,K,3C,65,E
1606,3C,66,D,3C,66,Q
1607,3C,67,G,3C,67,G
1608,3C,68,T,3C,68,V
1609,3C,69,N,3C,69,N
1610,3C,70,L,3C,70,L
1611,3C,71,E,3C,71,E
1612,3C,72,L,3C,72,L
1613,3C,73,T,3C,73,T
1614,3C,74,L,3C,74,L
1615,3C,75,L,3C,75,V
1616,3C,76,K,3C,76,T
1617,3C,77,L,3C,77,L
1618,3C,78,N,3C,78,D
1619,3C,79,R,3C,79,T
1620,3C,80,N,3C,80,N
1621,3C,81,E,3C,81,E
1622,3C,82,K,3C,82,K
1623,3C,83,F,3C,83,F
1624,3C,84,R,3C,84,R
1625,3C,85,D,3C,85,D
1626,3C,86,I,3C,86,I
1627,3C,87,R,3C,87,T
1628,3C,88,G,3C,88,R
1629,3C,89,F,3C,89,F
1630,3C,90,L,3C,90,I
1631,3C,91,A,3C,91,P
1632,3C,92,K,3C,92,E
1633,3C,93,E,3C,93,T
1634,3C,94,E,3C,94,I
1635,3C,95,V,3C,95,S
1636,3C,96,E,3C,96,P
1637,3C,97,V,3C,97,A
1638,3C,98,N,3C,98,S
1639,3C,99,E,3C,99,D
1640,3C,100,A,3C,100,A
1641,3C,101,V,3C,101,T
1642,3C,102,L,3C,102,L
1643,3C,103,A,3C,103,V
1644,3C,104,I,3C,104,I
1645,3C,105,N,3C,105,N
1646,3C,106,T,3C,106,T
1647,3C,107,S,3C,107,E
1648,3C,108,K,3C,108,H
1649,3C,109,F,3C,109,M
1650,3C,110,P,3C,110,P
1651,3C,111,N,3C,111,S
1652,3C,112,M,3C,112,M
1653,3C,113,Y,3C,113,F
1654,3C,114,I,3C,114,V
1655,3C,115,P,3C,115,P
1656,3C,116,V,3C,116,V
1657,3C,117,G,3C,117,G
1658,3C,118,Q,3C,118,D
1659,3C,119,V,3C,119,V
1660,3C,120,T,3C,120,V
1661,3C,121,E,3C,121,Q
1662,3C,122,Y,3C,122,Y
1663,3C,123,G,3C,123,G
1664,3C,124,F,3C,124,F
1665,3C,125,L,3C,125,L
1666,3C,126,N,3C,126,N
1667,3C,127,L,3C,127,L
1668,3C,128,G,3C,128,S
1669,3C,129,G,3C,129,G
1670,3C,130,T,3C,130,K
1671,3C,131,P,3C,131,P
1672,3C,132,T,3C,132,T
1673,3C,133,K,3C,133,H
1674,3C,134,R,3C,134,R
1675,3C,135,M,3C,135,T
1676,3C,136,L,3C,136,M
1677,3C,137,M,3C,137,M
1678,3C,138,Y,3C,138,Y
1679,3C,139,N,3C,139,N
1680,3C,140,F,3C,140,F
1681,3C,141,P,3C,141,P
1682,3C,142,T,3C,142,T
1683,3C,143,R,3C,143,K
1684,3C,144,A,3C,144,A
1685,3C,145,G,3C,145,G
1686,3C,146,Q,3C,146,Q
1687,3C,147,C,3C,147,C
1688,3C,148,G,3C,148,G
1689,3C,149,G,3C,149,G
1690,3C,150,V,3C,150,V
1691,3C,151,L,3C,151,V
1692,3C,152,M,3C,152,T
1693,3C,153,S,3C,153,A
1694,3C,154,T,3C,154,V
1695,3C,155,G,3C,155,G
1696,3C,156,K,3C,156,K
1697,3C,157,V,3C,157,V
1698,3C,158,L,3C,158,I
1699,3C,159,G,3C,159,G
1700,3C,160,I,3C,160,I
1701,3C,161,H,3C,161,H
1702,3C,162,V,3C,162,I
1703,3C,163,G,3C,163,G
1704,3C,164,G,3C,164,G
1705,3C,165,N,3C,165,N
1706,3C,166,G,3C,166,G
1707,3C,167,H,3C,167,R
1708,3C,168,Q,3C,168,Q
1709,3C,169,G,3C,169,G
1710,3C,170,F,3C,170,F
1711,3C,171,S,3C,171,C
1712,3C,172,A,3C,172,A
1713,3C,173,A,3C,173,A
1714,3C,174,L,3C,174,L
1715,3C,175,L,3C,175,K
1716,3C,176,K,3C,176,R
1717,3C,177,H,3C,177,G
1718,3C,178,Y,3C,178,Y
1719,3C,179,F,3C,179,F
1720,3C,180,N,3C,180,C
1721,3C,181,D,3C,181,S
1722,3C,182,E,3C,182,E
1723,3C,183,Q,3C,183,Q
1724,3D,1,G,3D,1,G
1725,3D,2,E,3D,2,E
1726,3D,3,I,3D,3,I
1727,3D,4,E,3D,4,Q
1728,3D,5,F,3D,5,W
1729,3D,6,I,3D,6,M
1730,3D,7,E,3D,7,K
1731,3D,8,S,3D,8,P
1732,3D,9,S,3D,9,N
1733,3D,10,K,3D,10,K
1734,3D,11,D,3D,11,E
1735,3D,12,A,3D,12,T
1736,3D,13,G,3D,13,G
1737,3D,14,F,3D,14,R
1738,3D,15,P,3D,15,L
1739,3D,16,V,3D,16,N
1740,3D,17,I,3D,17,I
1741,3D,18,N,3D,18,N
1742,3D,19,T,3D,19,G
1743,3D,20,P,3D,20,P
1744,3D,21,S,3D,21,T
1745,3D,22,K,3D,22,R
1746,3D,23,T,3D,23,T
1747,3D,24,K,3D,24,K
1748,3D,25,L,3D,25,L
1749,3D,26,E,3D,26,E
1750,3D,27,P,3D,27,P
1751,3D,28,S,3D,28,S
1752,3D,29,V,3D,29,V
1753,3D,30,F,3D,30,F
1754,3D,31,H,3D,31,H
1755,3D,32,Q,3D,32,D
1756,3D,33,V,3D,33,V
1757,3D,34,F,3D,34,F
1758,3D,35,E,3D,35,E
1759,3D,36,G,3D,36,G
1760,3D,37,N,3D,37,T
1761,3D,38,K,3D,38,K
1762,3D,39,E,3D,39,E
1763,3D,40,P,3D,40,P
1764,3D,41,A,3D,41,A
1765,3D,42,V,3D,42,V
1766,3D,43,L,3D,43,L
1767,3D,44,R,3D,44,T
1768,3D,45,S,3D,45,S
1769,3D,46,G,3D,46,K
1770,3D,47,D,3D,47,D
1771,3D,48,P,3D,48,P
1772,3D,49,R,3D,49,R
1773,3D,50,L,3D,50,L
1774,3D,51,K,3D,51,E
1775,3D,52,A,3D,52,V
1776,3D,53,N,3D,53,D
1777,3D,54,F,3D,54,F
1778,3D,55,E,3D,55,E
1779,3D,56,E,3D,56,Q
1780,3D,57,A,3D,57,A
1781,3D,58,I,3D,58,L
1782,3D,59,F,3D,59,F
1783,3D,60,S,3D,60,S
1784,3D,61,K,3D,61,K
1785,3D,62,Y,3D,62,Y
1786,3D,63,I,3D,63,V
1787,3D,64,G,3D,64,G
1788,3D,65,N,3D,65,N
1789,3D,66,V,3D,66,T
1790,3D,67,N,3D,67,L
1791,3D,68,T,3D,68,H
1792,3D,69,H,3D,69,E
1793,3D,70,V,3D,70,P
1794,3D,71,D,3D,71,D
1795,3D,72,E,3D,72,E
1796,3D,73,Y,3D,73,F
1797,3D,74,M,3D,74,V
1798,3D,75,L,3D,75,K
1799,3D,76,E,3D,76,E
1800,3D,77,A,3D,77,A
1801,3D,78,V,3D,78,A
1802,3D,79,D,3D,79,L
1803,3D,80,H,3D,80,H
1804,3D,81,Y,3D,81,Y
1805,3D,82,A,3D,82,A
1806,3D,83,G,3D,83,N
1807,3D,84,Q,3D,84,Q
1808,3D,85,L,3D,85,L
1809,3D,86,A,3D,86,K
1810,3D,87,T,3D,87,Q
1811,3D,88,L,3D,88,L
1812,3D,89,D,3D,89,D
1813,3D,90,I,3D,90,I
1814,3D,91,S,3D,91,K
1815,3D,92,T,3D,92,T
1816,3D,93,E,3D,93,T
1817,3D,94,P,3D,94,K
1818,3D,95,M,3D,95,M
1819,3D,96,K,3D,96,S
1820,3D,97,L,3D,97,M
1821,3D,98,E,3D,98,E
1822,3D,99,D,3D,99,D
1823,3D,100,A,3D,100,A
1824,3D,101,V,3D,101,C
1825,3D,102,Y,3D,102,Y
1826,3D,103,G,3D,103,G
1827,3D,104,T,3D,104,T
1828,3D,105,E,3D,105,E
1829,3D,106,G,3D,106,N
1830,3D,107,L,3D,107,L
1831,3D,108,E,3D,108,E
1832,3D,109,A,3D,109,A
1833,3D,110,L,3D,110,I
1834,3D,111,D,3D,111,D
1835,3D,112,L,3D,112,L
1836,3D,113,T,3D,113,H
1837,3D,114,T,3D,114,T
1838,3D,115,S,3D,115,S
1839,3D,116,A,3D,116,A
1840,3D,117,G,3D,117,G
1841,3D,118,Y,3D,118,Y
1842,3D,119,P,3D,119,P
1843,3D,120,Y,3D,120,Y
1844,3D,121,V,3D,121,S
1845,3D,122,A,3D,122,A
1846,3D,123,L,3D,123,L
1847,3D,124,G,3D,124,G
1848,3D,125,I,3D,125,I
1849,3D,126,K,3D,126,K
1850,3D,127,K,3D,127,K
1851,3D,128,R,3D,128,K
1852,3D,129,D,3D,129,D
1853,3D,130,I,3D,130,I
1854,3D,131,L,3D,131,L
1855,3D,132,S,3D,132,D
1856,3D,133,K,3D,133,P
1857,3D,134,K,3D,134,T
1858,3D,135,T,3D,135,T
1859,3D,136,K,3D,136,R
1860,3D,137,D,3D,137,D
1861,3D,138,L,3D,138,V
1862,3D,139,T,3D,139,S
1863,3D,140,K,3D,140,K
1864,3D,141,L,3D,141,M
1865,3D,142,K,3D,142,K
1866,3D,143,E,3D,143,F
1867,3D,144,C,3D,144,Y
1868,3D,145,M,3D,145,M
1869,3D,146,D,3D,146,D
1870,3D,147,K,3D,147,K
1871,3D,148,Y,3D,148,Y
1872,3D,149,G,3D,149,G
1873,3D,150,L,3D,150,L
1874,3D,151,N,3D,151,D
1875,3D,152,L,3D,152,L
1876,3D,153,P,3D,153,P
1877,3D,154,M,3D,154,Y
1878,3D,155,V,3D,155,S
1879,3D,156,T,3D,156,T
1880,3D,157,Y,3D,157,Y
1881,3D,158,V,3D,158,V
1882,3D,159,K,3D,159,K
1883,3D,160,D,3D,160,D
1884,3D,161,E,3D,161,E
1885,3D,162,L,3D,162,L
1886,3D,163,R,3D,163,R
1887,3D,164,S,3D,164,A
1888,3D,165,I,3D,165,I
1889,3D,166,E,3D,166,D
1890,3D,167,K,3D,167,K
1891,3D,168,V,3D,168,I
1892,3D,169,A,3D,169,K
1893,3D,170,K,3D,170,K
1894,3D,171,G,3D,171,G
1895,3D,172,K,3D,172,K
1896,3D,173,S,3D,173,S
1897,3D,174,R,3D,174,R
1898,3D,175,L,3D,175,L
1899,3D,176,I,3D,176,I
1900,3D,177,E,3D,177,E
1901,3D,178,A,3D,178,A
1902,3D,179,S,3D,179,S
1903,3D,180,S,3D,180,S
1904,3D,181,L,3D,181,L
1905,3D,182,N,3D,182,N
1906,3D,183,D,3D,183,D
1907,3D,184,S,3D,184,S
1908,3D,185,V,3D,185,V
1909,3D,186,A,3D,186,Y
1910,3D,187,M,3D,187,L
1911,3D,188,R,3D,188,R
1912,3D,189,Q,3D,189,M
1913,3D,190,T,3D,190,T
1914,3D,191,F,3D,191,F
1915,3D,192,G,3D,192,G
1916,3D,193,N,3D,193,H
1917,3D,194,L,3D,194,L
1918,3D,195,Y,3D,195,Y
1919,3D,196,K,3D,196,E
1920,3D,197,T,3D,197,A
1921,3D,198,F,3D,198,F
1922,3D,199,H,3D,199,H
1923,3D,200,L,3D,200,A
1924,3D,201,N,3D,201,N
1925,3D,202,P,3D,202,P
1926,3D,203,G,3D,203,G
1927,3D,204,V,3D,204,T
1928,3D,205,V,3D,205,I
1929,3D,206,T,3D,206,T
1930,3D,207,G,3D,207,G
1931,3D,208,S,3D,208,S
1932,3D,209,A,3D,209,A
1933,3D,210,V,3D,210,V
1934,3D,211,G,3D,211,G
1935,3D,212,C,3D,212,C
1936,3D,213,D,3D,213,N
1937,3D,214,P,3D,214,P
1938,3D,215,D,3D,215,D
1939,3D,216,L,3D,216,V
1940,3D,217,F,3D,217,F
1941,3D,218,W,3D,218,W
1942,3D,219,S,3D,219,S
1943,3D,220,K,3D,220,K
1944,3D,221,I,3D,221,L
1945,3D,222,P,3D,222,P
1946,3D,223,V,3D,223,I
1947,3D,224,M,3D,224,L
1948,3D,225,L,3D,225,L
1949,3D,226,D,3D,226,P
1950,3D,227,G,3D,227,G
1951,3D,228,H,3D,228,S
1952,3D,229,L,3D,229,L
1953,3D,230,I,3D,230,F
1954,3D,231,A,3D,231,A
1955,3D,232,F,3D,232,F
1956,3D,233,D,3D,233,D
1957,3D,234,Y,3D,234,Y
1958,3D,235,S,3D,235,S
1959,3D,236,G,3D,236,G
1960,3D,237,Y,3D,237,Y
1961,3D,238,D,3D,238,D
1962,3D,239,A,3D,239,A
1963,3D,240,S,3D,240,S
1964,3D,241,L,3D,241,L
1965,3D,242,S,3D,242,S
1966,3D,243,P,3D,243,P
1967,3D,244,V,3D,244,V
1968,3D,245,W,3D,245,W
1969,3D,246,F,3D,246,F
1970,3D,247,A,3D,247,R
1971,3D,248,C,3D,248,A
1972,3D,249,L,3D,249,L
1973,3D,250,K,3D,250,E
1974,3D,251,M,3D,251,I
1975,3D,252,L,3D,252,V
1976,3D,253,L,3D,253,L
1977,3D,254,E,3D,254,R
1978,3D,255,K,3D,255,E
1979,3D,256,L,3D,256,I
1980,3D,257,G,3D,257,G
1981,3D,258,Y,3D,258,Y
1982,3D,259,T,3D,259,S
1983,3D,260,H,3D,260,E
1984,3D,261,K,3D,261,D
1985,3D,262,E,3D,262,A
1986,3D,263,T,3D,263,V
1987,3D,264,N,3D,264,S
1988,3D,265,Y,3D,265,L
1989,3D,266,I,3D,266,I
1990,3D,267,D,3D,267,E
1991,3D,268,Y,3D,268,G
1992,3D,269,L,3D,269,I
1993,3D,270,C,3D,270,N
1994,3D,271,N,3D,271,H
1995,3D,272,S,3D,272,T
1996,3D,273,H,3D,273,H
1997,3D,274,H,3D,274,H
1998,3D,275,L,3D,275,V
1999,3D,276,Y,3D,276,Y
2000,3D,277,R,3D,277,R
2001,3D,278,D,3D,278,N
2002,3D,279,K,3D,279,K
2003,3D,280,H,3D,280,T
2004,3D,281,Y,3D,281,Y
2005,3D,282,F,3D,282,C
2006,3D,283,V,3D,283,V
2007,3D,284,R,3D,284,L
2008,3D,285,G,3D,285,G
2009,3D,286,G,3D,286,G
2010,3D,287,M,3D,287,M
2011,3D,288,P,3D,288,P
2012,3D,289,S,3D,289,S
2013,3D,290,G,3D,290,G
2014,3D,291,C,3D,291,C
2015,3D,292,S,3D,292,S
2016,3D,293,G,3D,293,G
2017,3D,294,T,3D,294,T
2018,3D,295,S,3D,295,S
2019,3D,296,I,3D,296,I
2020,3D,297,F,3D,297,F
2021,3D,298,N,3D,298,N
2022,3D,299,S,3D,299,S
2023,3D,300,M,3D,300,M
2024,3D,301,I,3D,301,I
2025,3D,302,N,3D,302,N
2026,3D,303,N,3D,303,N
2027,3D,304,I,3D,304,I
2028,3D,305,I,3D,305,I
2029,3D,306,I,3D,306,I
2030,3D,307,R,3D,307,R
2031,3D,308,T,3D,308,T
2032,3D,309,L,3D,309,L
2033,3D,310,M,3D,310,L
2034,3D,311,L,3D,311,I
2035,3D,312,K,3D,312,K
2036,3D,313,V,3D,313,T
2037,3D,314,Y,3D,314,F
2038,3D,315,K,3D,315,K
2039,3D,316,G,3D,316,G
2040,3D,317,I,3D,317,I
2041,3D,318,D,3D,318,D
2042,3D,319,L,3D,319,L
2043,3D,320,D,3D,320,D
2044,3D,321,Q,3D,321,E
2045,3D,322,F,3D,322,L
2046,3D,323,R,3D,323,N
2047,3D,324,M,3D,324,M
2048,3D,325,I,3D,325,V
2049,3D,326,A,3D,326,A
2050,3D,327,Y,3D,327,Y
2051,3D,328,G,3D,328,G
2052,3D,329,D,3D,329,D
2053,3D,330,D,3D,330,D
2054,3D,331,V,3D,331,V
2055,3D,332,I,3D,332,L
2056,3D,333,A,3D,333,A
2057,3D,334,S,3D,334,S
2058,3D,335,Y,3D,335,Y
2059,3D,336,P,3D,336,P
2060,3D,337,W,3D,337,F
2061,3D,338,P,3D,338,P
2062,3D,339,I,3D,339,I
2063,3D,340,D,3D,340,D
2064,3D,341,A,3D,341,C
2065,3D,342,S,3D,342,L
2066,3D,343,L,3D,343,E
2067,3D,344,L,3D,344,L
2068,3D,345,A,3D,345,A
2069,3D,346,E,3D,346,R
2070,3D,347,A,3D,347,T
2071,3D,348,G,3D,348,G
2072,3D,349,K,3D,349,K
2073,3D,350,G,3D,350,E
2074,3D,351,Y,3D,351,Y
2075,3D,352,G,3D,352,G
2076,3D,353,L,3D,353,L
2077,3D,354,I,3D,354,T
2078,3D,355,M,3D,355,M
2079,3D,356,T,3D,356,T
2080,3D,357,P,3D,357,P
2081,3D,358,A,3D,358,A
2082,3D,359,D,3D,359,D
2083,3D,360,K,3D,360,K
2084,3D,361,G,3D,361,S
2085,3D,362,E,3D,362,P
2086,3D,363,C,3D,363,C
2087,3D,364,F,3D,364,F
2088,3D,365,N,3D,365,N
2089,3D,366,E,3D,366,E
2090,3D,367,V,3D,367,V
2091,3D,368,T,3D,368,T
2092,3D,369,W,3D,369,W
2093,3D,370,T,3D,370,E
2094,3D,371,N,3D,371,N
2095,3D,372,A,3D,372,A
2096,3D,373,T,3D,373,T
2097,3D,374,F,3D,374,F
2098,3D,375,L,3D,375,L
2099,3D,376,K,3D,376,K
2100,3D,377,R,3D,377,R
2101,3D,378,Y,3D,378,G
2102,3D,379,F,3D,379,F
2103,3D,380,R,3D,380,L
2104,3D,381,A,3D,381,P
2105,3D,382,D,3D,382,D
2106,3D,383,E,3D,383,H
2107,3D,384,Q,3D,384,Q
2108,3D,385,Y,3D,385,F
2109,3D,386,P,3D,386,P
2110,3D,387,F,3D,387,F
2111,3D,388,L,3D,388,L
2112,3D,389,V,3D,389,I
2113,3D,390,H,3D,390,H
2114,3D,391,P,3D,391,P
2115,3D,392,V,3D,392,T
2116,3D,393,M,3D,393,M
2117,3D,394,P,3D,394,P
2118,3D,395,M,3D,395,M
2119,3D,396,K,3D,396,R
2120,3D,397,D,3D,397,E
2121,3D,398,I,3D,398,I
2122,3D,399,H,3D,399,H
2123,3D,400,E,3D,400,E
2124,3D,401,S,3D,401,S
2125,3D,402,I,3D,402,I
2126,3D,403,R,3D,403,R
2127,3D,404,W,3D,404,W
2128,3D,405,T,3D,405,T
2129,3D,406,K,3D,406,K
2130,3D,407,D,3D,407,D
2131,3D,408,P,3D,408,A
2132,3D,409,K,3D,409,R
2133,3D,410,N,3D,410,S
2134,3D,411,T,3D,411,T
2135,3D,412,Q,3D,412,Q
2136,3D,413,D,3D,413,D
2137,3D,414,H,3D,414,H
2138,3D,415,V,3D,415,V
2139,3D,416,R,3D,416,R
2140,3D,417,S,3D,417,S
2141,3D,418,L,3D,418,L
2142,3D,419,C,3D,419,C
2143,3D,420,L,3D,420,L
2144,3D,421,L,3D,421,L
2145,3D,422,A,3D,422,A
2146,3D,423,W,3D,423,W
2147,3D,424,H,3D,424,H
2148,3D,425,N,3D,425,N
2149,3D,426,G,3D,426,G
2150,3D,427,E,3D,427,K
2151,3D,428,H,3D,428,E
2152,3D,429,E,3D,429,E
2153,3D,430,Y,3D,430,Y
2154,3D,431,E,3D,431,E
2155,3D,432,E,3D,432,K
2156,3D,433,F,3D,433,F
2157,3D,434,I,3D,434,V
2158,3D,435,R,3D,435,S
2159,3D,436,K,3D,436,A
2160,3D,437,I,3D,437,I
2161,3D,438,R,3D,438,R
2162,3D,439,S,3D,439,S
2163,3D,440,V,3D,440,V
2164,3D,441,P,3D,441,P
2165,3D,442,V,3D,442,I
2166,3D,443,G,3D,443,G
2167,3D,444,R,3D,444,K
2168,3D,445,C,3D,445,A
2169,3D,446,L,3D,446,L
2170,3D,447,T,3D,447,A
2171,3D,448,L,3D,448,I
2172,3D,449,P,3D,449,P
2173,3D,450,A,3D,450,N
2174,3D,451,F,3D,451,Y
2175,3D,452,S,3D,452,E
2176,3D,453,T,3D,453,N
2177,3D,454,L,3D,454,L
2178,3D,455,R,3D,455,R
2179,3D,456,R,3D,456,R
2180,3D,457,K,3D,457,N
2181,3D,458,W,3D,458,W
2182,3D,459,L,3D,459,L
2183,3D,460,D,3D,460,E
2184,3D,461,S,3D,461,L
2185,3D,462,F,3D,462,F
